3154,3988,88,"2014-10-15 14:08:59",1,"65731"
3155,408,21,"2014-10-30 10:02:08",1,"46327"
3156,526,99,"2014-12-05 17:32:48",1,"61068"
3157,1180,697,"2014-12-16 08:44:07",1,"19147"
3158,293,490,"2014-12-04 12:51:10",1,"19172"
3159,4467,92,"2014-12-05 17:52:42",1,"42049"
3160,4,76,"2014-10-27 15:49:44",1,"12157"
3161,2088,1060,"2014-10-19 20:29:16",0,"73773"
3162,3847,591,"2014-11-07 19:18:17",1,"78755"
3163,4305,506,"2014-11-10 07:01:44",1,"79547"
3164,655,227,"2014-10-10 04:47:50",1,"53029"
3165,81,1122,"2014-11-10 19:35:05",1,"23708"
3166,1765,375,"2014-11-20 12:18:00",0,"28570"
3167,2129,38,"2014-11-24 11:00:34",0,"53293"
3168,1778,60,"2014-11-28 08:50:49",1,"44198"
3169,4746,714,"2014-12-26 02:50:40",1,"51451"
3170,14,256,"2014-12-16 19:58:46",0,"43719"
3171,442,102,"2014-12-26 18:44:31",0,"64019"
3172,2424,58,"2014-11-27 13:29:11",0,"49925"
3173,2473,105,"2014-12-11 19:49:11",0,"22481"
3174,4974,316,"2014-12-17 21:46:34",1,"97214"
3175,192,497,"2014-12-11 02:02:40",1,"71371"
3176,12,1667,"2014-12-29 18:05:28",1,"37769"
3177,1276,779,"2014-12-02 02:48:45",1,"78751"
3178,3327,1614,"2014-12-17 00:05:14",1,"91744"
3179,154,684,"2014-11-27 13:17:36",0,"82514"
3180,854,249,"2014-11-10 10:58:55",0,"70162"
3181,2778,1583,"2014-11-14 00:30:08",0,"41102"
3182,3130,25,"2014-12-24 17:25:14",0,"94262"
3183,981,115,"2014-11-18 04:36:15",1,"14414"
3184,18,1385,"2014-12-21 18:51:59",1,"50207"
3185,1611,457,"2014-12-16 09:29:30",1,"23218"
3186,70,595,"2014-11-02 12:54:11",0,"68644"
3187,1590,880,"2014-11-29 06:35:59",1,"02492"
3188,66,367,"2014-10-24 00:34:25",1,"89833"
3189,3,220,"2014-10-28 02:13:18",1,"36549"
3190,257,641,"2014-10-24 04:10:07",0,"57021"
3191,61,52,"2014-12-22 22:13:23",1,"36481"
3192,2445,2,"2014-11-10 22:06:13",1,"92655"
3193,3065,106,"2014-10-27 23:06:15",0,"67659"
3194,2486,13,"2014-10-29 03:20:02",0,"76443"
3195,842,503,"2014-12-04 12:50:54",1,"54014"
3196,2718,58,"2014-10-30 10:08:53",0,"14471"
3197,997,150,"2014-10-16 20:07:33",1,"77005"
3198,3123,305,"2014-10-08 13:59:05",0,"85004"
3199,644,440,"2014-12-04 06:10:56",1,"66734"
3200,231,749,"2014-11-19 22:02:15",1,"70079"
3201,621,88,"2014-12-24 14:38:25",1,"50021"
3202,14,652,"2014-11-17 02:49:11",0,"14537"
3203,1352,273,"2014-11-11 01:17:26",1,"45887"
3204,4015,992,"2014-11-26 15:15:44",0,"95629"
3205,3895,1233,"2014-11-09 05:36:22",1,"18015"
3206,1847,55,"2014-10-14 16:56:22",1,"63560"
3207,704,1391,"2014-10-28 12:48:32",0,"21645"
3208,3638,37,"2014-12-28 08:07:46",1,"75647"
3209,12,1565,"2014-12-01 08:44:50",0,"43718"
3210,802,1376,"2014-11-18 02:56:35",1,"59841"
3211,1017,988,"2014-10-23 13:17:52",0,"24938"
3212,220,4,"2014-10-31 03:05:50",1,"50049"
3213,1264,292,"2014-10-05 07:06:40",1,"81410"
3214,335,17,"2014-10-20 13:54:48",1,"38665"
3215,2556,313,"2014-11-25 13:06:27",1,"16443"
3216,79,1692,"2014-11-04 17:03:55",0,"94027"
3217,32,536,"2014-12-15 12:39:01",1,"46546"
3218,4886,45,"2014-10-07 11:35:17",0,"45337"
3219,4003,640,"2014-12-12 11:16:05",0,"81422"
3220,2466,5,"2014-11-15 10:58:10",0,"41230"
3221,1191,12,"2014-12-23 00:59:18",1,"42164"
3222,4175,716,"2014-10-18 18:47:42",1,"45377"
3223,719,492,"2014-12-26 13:39:43",0,"97708"
3224,2069,170,"2014-11-06 21:00:02",1,"36254"
3225,1952,63,"2014-11-25 18:50:24",0,"43085"
3226,135,1566,"2014-10-06 13:52:43",1,"35980"
3227,775,555,"2014-10-13 06:49:35",0,"36555"
3228,629,364,"2014-11-17 20:02:26",1,"49858"
3229,4907,974,"2014-11-04 00:39:57",0,"30510"
3230,3206,337,"2014-12-28 02:28:03",0,"64139"
3231,4725,176,"2014-10-09 22:34:01",1,"13601"
3232,17,1498,"2014-10-16 22:57:26",1,"28675"
3233,1599,1413,"2014-12-20 09:55:34",0,"45786"
3234,3322,1579,"2014-11-09 14:43:14",1,"53521"
3235,1084,159,"2014-12-14 10:59:02",0,"14061"
3236,811,1061,"2014-10-28 03:26:40",1,"57030"
3237,1093,667,"2014-12-03 00:22:27",1,"77844"
3238,848,1007,"2014-10-30 22:32:19",1,"67473"
3239,1006,281,"2014-11-15 10:56:39",1,"48757"
3240,820,645,"2014-10-10 09:28:56",1,"08310"
3241,6,3,"2014-10-26 22:50:43",1,"60803"
3242,1805,1410,"2014-12-23 11:21:47",0,"51365"
3243,1502,11,"2014-12-27 17:57:15",0,"25083"
3244,44,672,"2014-10-18 07:31:02",1,"37415"
3245,3976,1629,"2014-11-07 16:08:18",0,"45306"
3246,3142,174,"2014-10-23 02:41:04",1,"41124"
3247,2095,156,"2014-12-10 06:51:00",1,"73639"
3248,2536,786,"2014-11-15 17:58:11",1,"25716"
3249,992,756,"2014-11-21 12:09:50",1,"43456"
3250,2556,525,"2014-10-24 05:30:01",0,"49245"
3251,3871,301,"2014-12-23 07:34:03",1,"43212"
3252,37,350,"2014-11-29 17:06:29",1,"50144"
3253,3541,693,"2014-12-15 04:50:17",0,"54844"
3254,883,906,"2014-11-02 03:17:12",0,"21748"
3255,2584,1362,"2014-10-22 14:02:17",0,"38379"
3256,1134,1485,"2014-10-04 05:23:17",1,"56688"
3257,1550,40,"2014-10-03 01:46:53",0,"29530"
3258,4917,94,"2014-11-22 19:04:44",1,"32628"
3259,1848,79,"2014-10-09 23:16:14",1,"71034"
3260,4522,200,"2014-11-12 12:54:42",0,"43358"
3261,1683,481,"2014-11-16 00:52:51",1,"59311"
3262,75,1388,"2014-11-11 08:50:10",1,"17765"
3263,15,869,"2014-12-17 10:32:52",1,"21746"
3264,851,69,"2014-12-05 13:08:14",1,"64118"
3265,173,142,"2014-12-25 17:49:54",0,"48375"
3266,3651,291,"2014-10-29 09:44:15",1,"12232"
3267,1745,1598,"2014-11-13 15:09:00",0,"95623"
3268,4103,805,"2014-12-26 07:36:16",1,"18349"
3269,1369,159,"2014-12-10 04:00:35",1,"23860"
3270,1658,1455,"2014-12-23 15:38:47",1,"72519"
3271,2084,134,"2014-11-22 08:58:14",0,"20074"
3272,1830,980,"2014-12-17 06:31:26",1,"58790"
3273,794,10,"2014-11-25 23:42:54",0,"19076"
3274,2171,1167,"2014-11-11 18:56:00",1,"47335"
3275,4,1019,"2014-10-22 09:20:53",1,"10095"
3276,4449,277,"2014-10-10 05:52:02",0,"93249"
3277,1526,1210,"2014-10-03 12:40:57",0,"51047"
3278,278,1591,"2014-11-13 17:26:25",0,"79105"
3279,88,542,"2014-12-24 03:44:12",1,"49096"
3280,50,263,"2014-11-27 07:18:36",1,"77431"
3281,537,1674,"2014-10-15 16:54:38",1,"48744"
3282,3732,1053,"2014-12-07 10:35:00",1,"23231"
3283,3389,938,"2014-12-05 04:21:40",1,"92688"
3284,228,13,"2014-12-01 07:57:03",0,"31403"
3285,254,17,"2014-10-20 19:34:07",1,"05640"
3286,508,282,"2014-12-22 04:17:59",1,"19311"
3287,261,212,"2014-12-27 01:09:50",1,"32321"
3288,2594,298,"2014-10-22 16:46:43",0,"37015"
3289,4570,137,"2014-11-02 17:11:11",1,"20098"
3290,1213,16,"2014-11-26 02:36:42",0,"73029"
3291,33,711,"2014-11-13 23:09:38",0,"01440"
3292,1131,392,"2014-12-12 23:59:34",1,"92711"
3293,348,373,"2014-11-01 18:01:04",1,"98828"
3294,395,14,"2014-12-23 13:08:49",0,"12064"
3295,219,136,"2014-12-12 12:07:12",0,"18641"
3296,17,778,"2014-12-24 06:31:04",1,"04843"
3297,3264,1028,"2014-10-12 11:11:44",1,"15940"
3298,142,437,"2014-11-14 17:30:37",0,"38547"
3299,1132,128,"2014-11-25 06:38:40",0,"52056"
3300,303,12,"2014-11-30 02:27:37",0,"70609"
3301,3620,64,"2014-11-09 10:40:35",1,"38124"
3302,4858,242,"2014-12-16 15:21:30",1,"05777"
3303,2912,1122,"2014-10-04 12:28:14",0,"57531"
3304,851,846,"2014-10-03 07:36:46",1,"80860"
3305,4714,798,"2014-11-10 21:27:17",1,"34430"
3306,3566,1452,"2014-10-28 18:54:34",1,"02748"
3307,1161,542,"2014-11-22 06:24:46",1,"95983"
3308,757,148,"2014-10-03 14:33:30",1,"06750"
3309,27,283,"2014-11-19 11:54:22",0,"83830"
3310,3401,720,"2014-11-09 09:43:16",0,"60926"
3311,856,1408,"2014-11-29 09:23:10",0,"11255"
3312,79,573,"2014-10-29 02:41:34",1,"75762"
3313,4274,75,"2014-11-27 17:14:33",1,"74818"
3314,3074,860,"2014-10-20 06:29:03",1,"55952"
3315,770,17,"2014-12-11 13:08:41",1,"03857"
3316,2,784,"2014-10-24 15:59:52",0,"56548"
3317,955,352,"2014-10-31 07:27:21",1,"59243"
3318,510,61,"2014-10-24 09:43:48",0,"22906"
3319,4882,11,"2014-11-20 04:03:10",0,"49684"
3320,2886,79,"2014-12-02 15:56:17",1,"06265"
3321,2800,635,"2014-10-05 05:11:54",0,"29588"
3322,2529,207,"2014-12-11 17:54:03",1,"32042"
3323,782,606,"2014-12-28 11:52:46",1,"88517"
3324,153,196,"2014-12-29 23:32:56",1,"45414"
3325,1283,35,"2014-10-20 16:09:25",1,"54402"
3326,4154,604,"2014-10-12 09:22:49",0,"31409"
3327,1067,426,"2014-12-13 21:08:36",1,"80939"
3328,2197,70,"2014-10-10 18:59:59",1,"12836"
3329,17,1169,"2014-11-05 18:41:56",1,"05658"
3330,68,4,"2014-12-14 13:14:20",0,"30436"
3331,1420,287,"2014-11-19 11:27:05",1,"66414"
3332,336,592,"2014-12-18 03:28:59",0,"80624"
3333,210,812,"2014-12-26 15:51:52",0,"59804"
3334,4066,7,"2014-11-18 01:50:46",1,"21150"
3335,1620,405,"2014-10-30 22:53:18",1,"53507"
3336,18,1,"2014-10-12 12:54:55",1,"32221"
3337,156,707,"2014-11-21 08:36:38",1,"03268"
3338,784,892,"2014-10-09 18:37:35",0,"78156"
3339,1323,1590,"2014-12-05 14:43:14",1,"21840"
3340,969,117,"2014-10-10 19:02:25",0,"48653"
3341,2,244,"2014-10-08 08:58:40",0,"18044"
3342,3699,303,"2014-12-28 07:24:00",1,"57035"
3343,3913,0,"2014-12-14 15:31:40",1,"20749"
3344,4118,1677,"2014-11-24 20:10:50",1,"18256"
3345,953,884,"2014-10-11 03:03:28",0,"19889"
3346,4200,914,"2014-11-12 22:12:00",0,"16366"
3347,2006,469,"2014-11-11 17:16:58",0,"02128"
3348,1186,1064,"2014-11-24 13:42:40",0,"76710"
3349,2756,7,"2014-12-22 04:59:37",0,"69135"
3350,85,54,"2014-12-11 05:10:41",1,"18831"
3351,4419,36,"2014-12-03 15:04:43",0,"79506"
3352,276,1407,"2014-12-05 15:29:07",1,"68961"
3353,152,757,"2014-11-21 03:53:21",1,"87825"
3354,132,1100,"2014-11-08 06:29:37",1,"95630"
3355,1527,2,"2014-12-17 19:41:39",0,"26103"
3356,1837,1321,"2014-10-16 23:50:01",1,"02763"
3357,41,101,"2014-11-25 17:18:47",1,"11717"
3358,3770,9,"2014-10-06 13:37:30",0,"07011"
3359,1060,5,"2014-12-10 19:36:44",1,"08733"
3360,2425,1599,"2014-12-08 10:53:26",1,"17535"
3361,2577,692,"2014-10-20 13:33:20",1,"58569"
3362,3568,320,"2014-11-07 10:27:13",1,"44656"
3363,1897,38,"2014-10-30 06:51:25",1,"20724"
3364,4351,2,"2014-10-23 22:18:28",1,"36087"
3365,138,1224,"2014-10-12 00:03:55",1,"13840"
3366,1911,823,"2014-10-18 19:40:38",1,"73569"
3367,2130,112,"2014-10-12 19:09:23",1,"05903"
3368,4029,2,"2014-11-27 18:36:48",1,"48329"
3369,25,972,"2014-10-20 05:36:21",1,"42375"
3370,1385,1102,"2014-12-25 09:02:29",0,"60629"
3371,124,54,"2014-10-08 18:13:24",1,"61554"
3372,3629,604,"2014-12-09 09:18:34",0,"47144"
3373,1389,47,"2014-11-28 16:31:13",1,"12210"
3374,54,480,"2014-11-08 06:55:58",0,"10170"
3375,1246,120,"2014-10-23 14:59:29",1,"17570"
3376,3767,67,"2014-11-18 19:14:51",1,"02912"
3377,354,119,"2014-12-01 15:54:49",1,"06103"
3378,2661,391,"2014-11-30 06:31:29",0,"67757"
3379,541,6,"2014-10-15 11:39:05",1,"97475"
3380,4291,383,"2014-10-14 10:24:41",0,"94956"
3381,1050,32,"2014-11-21 10:35:50",1,"74463"
3382,584,405,"2014-10-08 11:35:54",1,"06525"
3383,561,883,"2014-12-15 04:42:04",0,"42741"
3384,18,765,"2014-12-27 03:58:29",1,"15717"
3385,1586,1496,"2014-12-21 21:18:05",1,"49282"
3386,423,439,"2014-12-07 22:30:11",1,"56584"
3387,3718,1036,"2014-12-01 17:23:40",1,"85246"
3388,2156,1389,"2014-10-20 10:13:01",1,"68663"
3389,243,693,"2014-12-02 20:57:03",0,"20878"
3390,3969,591,"2014-10-01 14:07:12",1,"06879"
3391,3282,476,"2014-12-28 12:48:48",0,"17771"
3392,2895,1382,"2014-11-30 11:52:48",1,"57752"
3393,3921,7,"2014-12-30 20:22:28",0,"32240"
3394,3810,468,"2014-12-06 16:24:30",0,"12537"
3395,2338,1672,"2014-11-22 02:50:23",1,"38482"
3396,3806,1617,"2014-10-26 04:29:00",1,"28102"
3397,2598,446,"2014-10-10 09:42:24",1,"14645"
3398,2655,25,"2014-12-23 15:51:20",1,"49696"
3399,871,1691,"2014-12-19 07:05:09",1,"23422"
3400,2003,1454,"2014-12-06 02:33:07",0,"87068"
3401,670,957,"2014-11-16 09:18:09",1,"31328"
3402,84,360,"2014-12-24 08:39:50",1,"23922"
3403,2138,587,"2014-12-11 21:21:03",1,"46223"
3404,1724,315,"2014-11-14 00:36:30",1,"74546"
3405,4592,33,"2014-11-27 21:33:37",1,"78070"
3406,1966,1123,"2014-11-22 10:28:17",1,"15263"
3407,520,1571,"2014-11-06 04:34:49",1,"32912"
3408,3620,4,"2014-10-25 05:02:17",0,"81135"
3409,87,28,"2014-10-10 00:43:39",1,"29682"
3410,643,237,"2014-11-03 16:41:42",1,"61535"
3411,10,0,"2014-10-17 15:46:19",0,"97813"
3412,1615,1141,"2014-10-14 13:15:12",1,"71458"
3413,1149,1366,"2014-11-09 00:45:12",1,"25810"
3414,19,709,"2014-11-04 05:09:39",1,"32034"
3415,2254,946,"2014-12-04 12:27:12",1,"30241"
3416,1863,1,"2014-11-09 17:13:26",1,"48890"
3417,45,904,"2014-10-23 22:25:43",1,"77808"
3418,255,824,"2014-10-15 12:34:59",1,"84101"
3419,182,18,"2014-11-28 07:57:50",1,"72660"
3420,22,104,"2014-11-19 18:16:54",1,"24485"
3421,3413,131,"2014-11-02 17:42:35",1,"93435"
3422,2948,462,"2014-12-01 00:54:52",1,"58356"
3423,3137,0,"2014-12-15 01:10:05",1,"84326"
3424,211,566,"2014-12-15 19:03:45",1,"90661"
3425,1777,475,"2014-10-14 08:51:13",1,"77850"
3426,3818,113,"2014-10-18 07:16:32",1,"21252"
3427,813,1355,"2014-10-26 21:34:22",0,"54449"
3428,5,916,"2014-11-02 23:10:13",0,"50207"
3429,529,71,"2014-10-09 18:20:33",0,"48054"
3430,918,242,"2014-10-04 16:02:44",1,"84091"
3431,216,50,"2014-11-13 04:33:17",1,"50134"
3432,198,9,"2014-10-25 22:16:27",0,"01507"
3433,3570,88,"2014-10-28 07:29:58",1,"85143"
3434,2222,1024,"2014-10-22 01:53:13",1,"32181"
3435,1571,703,"2014-10-08 02:33:25",1,"73729"
3436,1631,1457,"2014-10-28 10:46:55",0,"99173"
3437,3036,68,"2014-10-07 12:50:06",0,"33189"
3438,57,1417,"2014-10-01 07:06:47",0,"50258"
3439,1331,1031,"2014-12-19 23:01:20",1,"02184"
3440,195,33,"2014-11-12 09:35:52",1,"24592"
3441,2591,674,"2014-12-26 20:22:39",1,"87548"
3442,930,1474,"2014-11-27 07:39:09",1,"59526"
3443,2415,366,"2014-12-28 05:38:43",1,"38302"
3444,746,185,"2014-11-15 22:20:12",0,"35614"
3445,2503,163,"2014-10-07 16:10:49",1,"46991"
3446,138,177,"2014-10-07 22:43:27",1,"66042"
3447,710,970,"2014-12-03 14:26:36",1,"81129"
3448,655,314,"2014-11-17 11:12:23",1,"30439"
3449,698,1034,"2014-12-01 22:26:13",1,"15698"
3450,272,1217,"2014-12-24 05:22:25",1,"48067"
3451,3678,660,"2014-10-10 21:06:33",0,"29476"
3452,2630,908,"2014-10-31 19:19:13",0,"40347"
3453,43,165,"2014-12-29 22:36:46",0,"37024"
3454,2480,754,"2014-10-23 00:08:59",0,"65705"
3455,3140,889,"2014-12-03 07:32:19",1,"24938"
3456,104,737,"2014-12-24 22:54:14",0,"04006"
3457,3212,1610,"2014-11-21 18:08:26",1,"33160"
3458,0,5,"2014-11-02 07:08:16",0,"70462"
3459,4369,1375,"2014-10-16 04:43:47",1,"45390"
3460,781,306,"2014-12-24 21:46:33",1,"95373"
3461,240,129,"2014-10-30 20:16:03",1,"11580"
3462,225,475,"2014-12-18 13:39:20",0,"46170"
3463,31,30,"2014-12-30 02:40:17",1,"14468"
3464,590,1672,"2014-11-21 09:02:13",0,"66956"
3465,176,1308,"2014-12-14 07:04:49",0,"24848"
3466,3444,458,"2014-11-18 20:15:13",0,"46170"
3467,4787,1200,"2014-11-13 15:23:36",0,"26461"
3468,16,42,"2014-11-02 13:21:23",0,"27358"
3469,0,657,"2014-12-30 17:09:01",0,"43932"
3470,2577,326,"2014-10-09 15:39:38",0,"03574"
3471,4063,599,"2014-10-10 00:30:39",1,"01940"
3472,274,35,"2014-11-03 00:13:02",1,"55020"
3473,630,333,"2014-12-28 10:55:02",1,"71273"
3474,2178,2,"2014-11-05 03:10:04",0,"06041"
3475,7,138,"2014-10-05 23:09:25",1,"15032"
3476,93,733,"2014-10-05 17:33:24",1,"74082"
3477,596,888,"2014-12-30 10:11:48",1,"13140"
3478,1983,0,"2014-10-30 10:51:19",1,"28545"
3479,293,113,"2014-10-13 21:48:40",0,"78564"
3480,882,176,"2014-12-15 11:56:28",1,"44622"
3481,2616,1520,"2014-12-06 02:43:33",1,"97141"
3482,3433,32,"2014-12-26 12:20:47",1,"54641"
3483,795,614,"2014-12-13 17:36:39",0,"71355"
3484,37,51,"2014-10-12 17:37:12",1,"62444"
3485,1954,225,"2014-11-19 04:43:14",1,"08868"
3486,69,627,"2014-12-01 03:03:01",0,"49033"
3487,21,454,"2014-11-24 21:05:35",1,"71973"
3488,4436,94,"2014-11-14 22:19:50",0,"35807"
3489,314,59,"2014-12-20 16:12:16",1,"52141"
3490,1429,134,"2014-12-07 15:55:28",1,"44216"
3491,1483,909,"2014-12-30 01:37:05",1,"47549"
3492,446,80,"2014-10-21 18:54:18",1,"33447"
3493,1503,255,"2014-12-26 13:41:15",0,"78243"
3494,3449,1213,"2014-12-29 07:04:17",1,"87455"
3495,2757,1610,"2014-11-04 04:35:56",1,"58079"
3496,939,37,"2014-11-20 10:37:19",1,"91203"
3497,646,1038,"2014-12-19 21:14:12",0,"71130"
3498,1239,1683,"2014-12-09 20:34:59",0,"31738"
3499,565,900,"2014-11-07 08:24:16",0,"62684"
3500,1190,110,"2014-10-30 12:19:09",1,"91108"
3501,531,715,"2014-12-07 22:54:56",0,"54215"
3502,3590,844,"2014-10-11 04:54:52",0,"80235"
3503,1904,1561,"2014-12-12 04:39:19",0,"59834"
3504,4347,126,"2014-11-14 17:52:40",0,"32927"
3505,2830,735,"2014-11-18 08:53:39",1,"86403"
3506,4392,492,"2014-12-28 03:30:00",1,"93737"
3507,5,787,"2014-12-27 01:04:15",1,"81043"
3508,25,286,"2014-10-04 02:23:43",1,"62941"
3509,661,28,"2014-11-11 20:39:31",0,"60540"
3510,4220,276,"2014-12-21 16:26:22",0,"41845"
3511,279,776,"2014-12-07 20:50:25",0,"26675"
3512,645,1640,"2014-10-08 02:36:08",0,"79830"
3513,964,408,"2014-11-16 10:23:54",0,"04267"
3514,8,18,"2014-10-05 14:40:55",1,"77056"
3515,267,1473,"2014-12-26 04:55:58",1,"58046"
3516,1590,1405,"2014-12-30 04:39:19",1,"08607"
3517,11,265,"2014-12-25 15:16:18",1,"33206"
3518,4267,20,"2014-12-21 18:56:46",1,"51346"
3519,3647,1433,"2014-11-28 13:38:18",1,"44203"
3520,623,19,"2014-11-12 21:24:52",1,"04548"
3521,3983,843,"2014-10-25 20:59:18",0,"38554"
3522,4653,1002,"2014-12-16 16:28:46",0,"17976"
3523,3312,862,"2014-10-24 12:19:16",1,"33444"
3524,3199,1683,"2014-10-05 21:45:59",1,"33880"
3525,1427,585,"2014-11-05 15:52:20",1,"92304"
3526,69,1281,"2014-12-09 17:49:46",0,"13020"
3527,868,181,"2014-11-18 13:17:35",0,"43920"
3528,254,78,"2014-12-19 20:37:09",0,"92710"
3529,2876,5,"2014-10-14 22:42:39",1,"45110"
3530,4779,166,"2014-12-14 21:11:49",1,"74456"
3531,323,1459,"2014-10-10 04:31:42",0,"08096"
3532,2694,332,"2014-10-06 12:04:49",1,"83328"
3533,1626,142,"2014-10-24 18:00:34",1,"85609"
3534,307,527,"2014-10-06 12:27:40",1,"22807"
3535,1987,939,"2014-10-03 08:49:09",0,"22435"
3536,2758,600,"2014-10-25 04:17:24",0,"71460"
3537,1399,117,"2014-12-24 20:15:02",0,"15923"
3538,12,820,"2014-10-16 00:42:43",1,"76177"
3539,0,683,"2014-11-08 23:18:39",1,"29612"
3540,1672,1694,"2014-10-07 20:35:23",0,"29045"
3541,2092,964,"2014-12-30 23:15:38",1,"22432"
3542,2725,58,"2014-11-09 01:14:41",0,"28562"
3543,1427,1460,"2014-11-09 00:22:39",1,"32610"
3544,1149,399,"2014-12-28 23:02:38",1,"22738"
3545,70,123,"2014-10-23 21:33:58",0,"70823"
3546,1509,485,"2014-10-20 17:18:34",0,"13739"
3547,4956,1294,"2014-11-23 01:19:53",0,"12155"
3548,1255,870,"2014-12-02 08:31:23",0,"55810"
3549,3245,607,"2014-11-07 16:17:52",0,"59114"
3550,513,238,"2014-11-19 17:53:52",1,"33758"
3551,361,115,"2014-11-08 02:16:41",1,"57192"
3552,2099,1423,"2014-11-27 13:11:27",0,"40988"
3553,1109,450,"2014-12-30 05:10:31",1,"67468"
3554,329,129,"2014-10-28 20:30:51",0,"57709"
3555,212,121,"2014-12-05 12:59:17",0,"77006"
3556,1601,61,"2014-10-01 09:57:04",1,"11229"
3557,4870,46,"2014-12-14 14:02:19",1,"20573"
3558,1,1260,"2014-10-12 16:27:46",1,"22719"
3559,9,562,"2014-11-04 22:25:07",0,"37848"
3560,228,809,"2014-11-13 22:12:46",0,"13666"
3561,654,520,"2014-12-19 15:45:06",0,"62601"
3562,211,419,"2014-11-02 09:27:26",1,"79110"
3563,4576,456,"2014-12-14 19:27:04",0,"16145"
3564,202,152,"2014-11-23 17:08:28",1,"92404"
3565,1907,215,"2014-12-28 21:04:27",1,"31790"
3566,1582,391,"2014-10-11 22:08:05",0,"42207"
3567,40,999,"2014-10-16 17:17:47",1,"53093"
3568,4183,172,"2014-11-14 22:43:04",1,"21710"
3569,1788,113,"2014-11-21 06:16:09",1,"50122"
3570,759,273,"2014-12-30 09:00:33",0,"76706"
3571,1445,620,"2014-12-09 08:55:48",1,"38558"
3572,747,53,"2014-12-04 09:41:50",1,"33239"
3573,267,271,"2014-11-30 16:37:20",0,"21754"
3574,794,1378,"2014-11-05 05:22:10",1,"32730"
3575,3525,211,"2014-11-07 11:27:15",0,"90241"
3576,477,70,"2014-10-16 15:40:40",0,"94204"
3577,63,623,"2014-11-03 11:06:06",1,"10703"
3578,565,268,"2014-10-20 05:42:44",0,"60401"
3579,1303,235,"2014-10-31 03:20:47",1,"47303"
3580,259,1487,"2014-10-29 03:18:01",0,"57068"
3581,3672,444,"2014-10-11 18:35:50",1,"94802"
3582,50,1500,"2014-12-06 12:45:22",0,"08536"
3583,1562,1024,"2014-12-20 18:34:54",0,"17829"
3584,45,1431,"2014-12-18 13:26:32",1,"38468"
3585,757,1432,"2014-10-08 01:16:14",1,"74435"
3586,1714,746,"2014-12-09 01:02:41",1,"98922"
3587,3358,234,"2014-12-28 04:16:13",1,"23661"
3588,2713,111,"2014-12-06 12:01:37",1,"18954"
3589,3776,341,"2014-11-20 09:26:21",0,"14466"
3590,978,537,"2014-12-20 16:29:44",0,"62320"
3591,3887,18,"2014-11-19 00:17:38",1,"45140"
3592,39,797,"2014-11-10 23:37:55",0,"92563"
3593,43,153,"2014-12-03 08:29:49",1,"72837"
3594,235,713,"2014-12-06 20:14:15",0,"62098"
3595,800,1606,"2014-12-12 14:28:02",1,"15434"
3596,199,1250,"2014-11-12 15:09:19",1,"22656"
3597,1329,48,"2014-12-11 06:47:50",1,"04474"
3598,1423,657,"2014-11-22 10:54:12",0,"01477"
3599,3947,982,"2014-12-17 00:38:43",1,"92877"
3600,474,421,"2014-10-30 00:02:02",1,"79021"
3601,2502,48,"2014-11-10 10:21:22",0,"63342"
3602,543,48,"2014-11-06 09:15:45",0,"47454"
3603,3663,716,"2014-10-06 04:59:34",0,"59760"
3604,2527,1533,"2014-10-13 06:39:44",1,"75485"
3605,2375,445,"2014-10-27 20:58:21",0,"41224"
3606,215,126,"2014-12-03 18:24:09",0,"24048"
3607,1546,507,"2014-11-04 18:37:27",0,"27220"
3608,1814,415,"2014-11-11 09:28:03",1,"75016"
3609,898,1078,"2014-12-23 07:57:57",0,"35475"
3610,2313,155,"2014-10-30 03:27:32",1,"27958"
3611,22,282,"2014-11-06 11:20:16",1,"79350"
3612,2081,630,"2014-11-01 08:33:47",1,"53527"
3613,1910,7,"2014-12-22 15:58:42",1,"70765"
3614,169,359,"2014-11-23 16:19:29",1,"17833"
3615,1547,1672,"2014-10-22 10:00:58",0,"15940"
3616,3777,1133,"2014-10-18 23:07:07",1,"01115"
3617,237,495,"2014-11-18 09:47:38",1,"58563"
3618,3007,467,"2014-12-23 16:50:58",0,"40241"
3619,0,1477,"2014-10-11 12:42:07",1,"62242"
3620,136,320,"2014-12-29 03:55:09",1,"14478"
3621,2659,1346,"2014-12-01 09:02:53",0,"21114"
3622,1033,771,"2014-10-07 18:53:57",1,"72108"
3623,3442,119,"2014-10-28 07:17:07",1,"48123"
3624,2,812,"2014-11-05 02:05:14",0,"13731"
3625,180,290,"2014-11-13 12:01:34",1,"05827"
3626,3205,21,"2014-11-06 09:10:47",0,"26278"
3627,4876,702,"2014-11-09 05:01:32",1,"83812"
3628,908,414,"2014-12-27 03:35:18",0,"70638"
3629,852,638,"2014-11-15 10:12:13",1,"37183"
3630,3485,1134,"2014-11-27 20:38:18",1,"13415"
3631,17,222,"2014-11-11 21:06:33",0,"56258"
3632,2312,475,"2014-12-16 07:29:59",0,"79762"
3633,366,653,"2014-11-08 11:01:54",1,"89170"
3634,30,611,"2014-12-25 04:00:38",0,"01541"
3635,4359,910,"2014-12-07 10:46:19",0,"15550"
3636,124,15,"2014-10-18 06:28:49",0,"19040"
3637,146,1404,"2014-12-01 22:36:11",0,"55578"
3638,2232,357,"2014-10-05 15:16:52",1,"84340"
3639,3997,379,"2014-11-29 20:17:30",0,"05838"
3640,1766,222,"2014-11-18 02:54:15",1,"61427"
3641,3386,145,"2014-12-27 08:18:50",0,"04476"
3642,155,1025,"2014-12-21 17:59:40",0,"28715"
3643,150,1,"2014-11-25 03:29:47",0,"38588"
3644,1530,61,"2014-12-30 12:19:25",0,"23857"
3645,2988,608,"2014-12-27 14:25:45",1,"16689"
3646,818,1528,"2014-10-01 17:16:51",0,"58401"
3647,3141,118,"2014-12-18 22:46:51",1,"23003"
3648,828,529,"2014-10-13 13:22:36",1,"93456"
3649,2142,29,"2014-10-22 13:21:31",1,"80014"
3650,302,773,"2014-11-04 20:05:41",0,"91407"
3651,1775,1337,"2014-11-13 18:46:07",1,"93844"
3652,3390,1083,"2014-10-07 15:15:19",1,"35077"
3653,141,571,"2014-10-12 00:50:20",1,"88012"
3654,4022,1166,"2014-11-16 22:29:54",0,"77078"
3655,4626,962,"2014-10-02 11:47:59",1,"52316"
3656,2235,1243,"2014-10-13 19:05:37",1,"24129"
3657,1887,319,"2014-11-17 21:01:57",1,"72917"
3658,1189,1099,"2014-12-16 11:09:56",0,"55318"
3659,4952,419,"2014-11-18 17:32:18",1,"33774"
3660,15,153,"2014-12-21 01:09:38",0,"19714"
3661,603,1480,"2014-11-29 20:25:58",1,"98352"
3662,2174,147,"2014-11-17 19:13:16",1,"43967"
3663,998,68,"2014-11-29 01:48:15",1,"70163"
3664,794,764,"2014-12-23 04:28:02",0,"80862"
3665,111,286,"2014-12-03 18:07:56",1,"16433"
3666,4211,863,"2014-11-26 19:27:53",0,"98631"
3667,73,636,"2014-12-17 10:07:01",1,"78526"
3668,1657,908,"2014-11-20 21:47:50",1,"32618"
3669,3418,1026,"2014-10-04 23:32:27",1,"29069"
3670,2044,57,"2014-11-04 18:39:44",1,"36866"
3671,4138,2,"2014-11-07 21:03:13",0,"24292"
3672,222,1158,"2014-10-11 03:47:55",0,"98603"
3673,4280,1546,"2014-10-09 23:20:20",1,"55170"
3674,3951,651,"2014-10-26 10:34:01",1,"72113"
3675,529,972,"2014-10-15 04:23:07",0,"79013"
3676,765,19,"2014-12-27 05:53:58",1,"91107"
3677,4973,1100,"2014-11-24 16:01:51",1,"55437"
3678,339,258,"2014-12-12 05:07:55",0,"81301"
3679,722,767,"2014-11-20 19:20:35",0,"20675"
3680,3695,462,"2014-11-20 18:49:00",1,"61755"
3681,500,80,"2014-11-09 21:41:47",1,"96085"
3682,3140,248,"2014-11-12 06:02:23",1,"22185"
3683,1626,25,"2014-11-26 15:14:52",1,"23235"
3684,3884,239,"2014-10-30 23:02:55",0,"77534"
3685,616,39,"2014-11-03 03:05:03",1,"77418"
3686,3681,854,"2014-10-26 04:32:47",1,"80622"
3687,264,1226,"2014-12-26 04:35:34",1,"20861"
3688,89,504,"2014-12-15 19:06:48",1,"29469"
3689,1825,1580,"2014-10-22 11:33:27",0,"78618"
3690,4258,101,"2014-11-06 08:14:03",0,"33567"
3691,3285,124,"2014-12-05 09:08:08",1,"48381"
3692,2446,162,"2014-11-24 03:54:49",0,"66772"
3693,1234,355,"2014-12-18 06:08:05",0,"95815"
3694,4210,1,"2014-12-27 09:51:21",0,"22451"
3695,4272,56,"2014-10-10 15:10:24",0,"61448"
3696,350,581,"2014-12-05 16:04:07",0,"17342"
3697,4606,368,"2014-11-11 19:10:59",0,"70141"
3698,326,947,"2014-10-18 05:01:29",1,"79088"
3699,503,81,"2014-11-09 10:36:46",0,"05009"
3700,3956,668,"2014-10-02 02:10:16",1,"44314"
3701,9,1549,"2014-10-21 10:01:36",0,"11948"
3702,60,29,"2014-11-06 10:59:54",1,"85650"
3703,1303,1278,"2014-10-27 10:55:49",1,"54821"
3704,3301,83,"2014-11-10 09:12:10",1,"03458"
3705,60,1380,"2014-12-03 04:33:20",0,"80219"
3706,2802,763,"2014-10-07 15:05:57",1,"89015"
3707,1399,700,"2014-10-09 07:26:10",1,"97534"
3708,1851,945,"2014-12-07 23:51:39",1,"33026"
3709,3896,67,"2014-10-18 03:21:15",1,"51601"
3710,3302,376,"2014-10-18 18:33:09",1,"14038"
3711,428,706,"2014-10-23 00:31:20",1,"16226"
3712,1045,440,"2014-12-15 05:57:36",0,"17605"
3713,995,268,"2014-12-15 20:26:48",1,"16929"
3714,3791,117,"2014-11-06 02:38:01",0,"55049"
3715,3964,711,"2014-11-20 03:03:34",1,"57257"
3716,4709,1135,"2014-10-27 23:28:09",1,"47635"
3717,126,245,"2014-12-20 11:02:45",1,"62955"
3718,2301,1418,"2014-11-10 02:32:53",1,"27835"
3719,3942,16,"2014-12-27 16:52:57",0,"64844"
3720,4646,0,"2014-12-02 17:50:55",0,"13158"
3721,64,450,"2014-12-04 03:38:25",0,"31749"
3722,274,572,"2014-11-08 04:39:51",1,"53744"
3723,3080,590,"2014-11-17 07:00:13",0,"86017"
3724,71,466,"2014-11-05 23:52:46",0,"19420"
3725,1625,1597,"2014-12-25 03:20:02",0,"74452"
3726,1956,241,"2014-12-13 22:55:06",1,"13341"
3727,834,0,"2014-11-02 10:33:00",1,"27314"
3728,2117,1472,"2014-10-30 05:10:30",0,"43517"
3729,517,0,"2014-11-30 07:37:26",0,"22240"
3730,408,1660,"2014-10-28 20:35:40",0,"68956"
3731,45,1487,"2014-10-31 19:28:53",1,"80829"
3732,245,400,"2014-12-08 09:06:10",0,"78754"
3733,1223,183,"2014-11-27 00:30:52",1,"20441"
3734,329,447,"2014-11-04 18:07:36",0,"77582"
3735,579,144,"2014-10-20 17:11:35",1,"19977"
3736,52,204,"2014-11-09 11:47:35",1,"70363"
3737,4460,591,"2014-11-23 09:09:54",1,"15202"
3738,1825,1386,"2014-11-25 14:17:28",1,"80116"
3739,2771,623,"2014-12-01 18:06:45",0,"63198"
3740,2279,469,"2014-11-24 20:49:43",0,"44628"
3741,2704,30,"2014-12-22 07:12:37",1,"55323"
3742,932,199,"2014-10-23 22:25:34",1,"58075"
3743,172,744,"2014-10-25 22:15:11",0,"46601"
3744,3516,53,"2014-12-18 13:28:24",0,"25917"
3745,3251,1005,"2014-12-28 07:03:22",0,"58487"
3746,59,282,"2014-12-11 20:21:42",0,"41602"
3747,1277,1271,"2014-11-20 09:32:22",1,"56453"
3748,74,146,"2014-10-30 22:14:31",1,"67022"
3749,411,179,"2014-12-03 23:49:30",0,"72751"
3750,225,7,"2014-10-19 06:28:43",1,"47637"
3751,59,1225,"2014-12-20 02:11:50",0,"74034"
3752,522,581,"2014-10-07 05:19:39",1,"41632"
3753,291,79,"2014-12-29 19:58:28",1,"14731"
3754,812,2,"2014-12-26 23:32:22",0,"48217"
3755,2201,30,"2014-11-08 07:33:29",0,"23292"
3756,2202,1487,"2014-11-05 08:22:04",1,"55413"
3757,550,23,"2014-11-14 12:03:57",1,"54402"
3758,4747,31,"2014-11-08 03:22:27",0,"21862"
3759,4288,54,"2014-12-24 07:12:25",1,"48735"
3760,35,91,"2014-12-02 12:34:30",1,"74834"
3761,2959,482,"2014-12-13 02:22:26",1,"53545"
3762,733,1105,"2014-10-13 20:13:20",1,"14469"
3763,1145,1031,"2014-11-23 09:15:14",1,"74129"
3764,4780,1132,"2014-10-20 22:32:08",1,"87016"
3765,4034,60,"2014-10-09 12:32:00",1,"17094"
3766,64,42,"2014-12-16 11:33:51",1,"67543"
3767,3817,19,"2014-10-28 11:28:04",1,"46219"
3768,155,1627,"2014-10-03 14:31:58",1,"54479"
3769,1270,1151,"2014-12-25 02:41:28",0,"56465"
3770,1989,381,"2014-12-11 12:54:52",1,"57577"
3771,927,308,"2014-11-27 04:21:44",1,"67565"
3772,588,2,"2014-10-17 15:55:49",1,"40228"
3773,688,1493,"2014-12-20 21:40:27",0,"75975"
3774,541,555,"2014-12-27 18:58:02",0,"89833"
3775,2508,305,"2014-10-31 04:40:29",0,"86001"
3776,1,460,"2014-11-10 07:31:54",1,"44656"
3777,338,581,"2014-12-30 12:51:20",1,"56710"
3778,1294,201,"2014-11-03 13:46:57",1,"79034"
3779,55,60,"2014-11-16 19:04:34",0,"78595"
3780,759,619,"2014-10-12 07:39:17",1,"21028"
3781,19,443,"2014-12-01 03:15:23",0,"54912"
3782,427,424,"2014-12-18 05:11:22",0,"81212"
3783,4696,632,"2014-10-04 22:09:51",1,"06370"
3784,1437,493,"2014-10-25 08:15:52",0,"56387"
3785,2824,1209,"2014-12-20 01:39:34",1,"84602"
3786,3960,691,"2014-10-05 01:56:57",1,"15488"
3787,4670,824,"2014-11-03 13:16:17",1,"27332"
3788,2835,283,"2014-10-25 12:12:16",0,"28630"
3789,71,56,"2014-12-01 13:43:03",0,"65723"
3790,2929,1233,"2014-12-22 17:16:24",0,"03442"
3791,704,617,"2014-12-14 07:56:16",0,"92522"
3792,3456,206,"2014-10-23 20:46:30",1,"27031"
3793,4255,298,"2014-10-01 19:03:37",0,"12766"
3794,101,116,"2014-11-19 23:20:58",1,"70445"
3795,951,183,"2014-12-21 06:28:06",1,"76505"
3796,1578,6,"2014-12-11 14:48:41",0,"50471"
3797,114,993,"2014-12-24 23:00:06",0,"53192"
3798,3346,41,"2014-11-19 19:36:59",1,"49426"
3799,276,1559,"2014-12-18 07:36:54",0,"55161"
3800,3117,187,"2014-12-15 23:52:38",1,"01940"
3801,650,42,"2014-11-25 08:31:08",0,"75444"
3802,3793,198,"2014-11-23 09:17:22",0,"72661"
3803,4244,119,"2014-10-06 09:14:12",0,"56181"
3804,563,1184,"2014-10-20 16:11:30",0,"23116"
3805,977,1143,"2014-11-08 07:42:22",1,"65260"
3806,2083,14,"2014-11-08 20:19:15",1,"68780"
3807,342,354,"2014-10-31 02:36:00",0,"85002"
3808,949,682,"2014-12-03 23:48:00",1,"18706"
3809,640,29,"2014-12-25 23:35:06",1,"69163"
3810,897,1,"2014-11-27 04:02:34",1,"08402"
3811,1089,31,"2014-10-09 14:49:59",1,"07011"
3812,3723,947,"2014-11-12 04:23:58",0,"64111"
3813,4206,318,"2014-10-30 16:26:59",0,"17070"
3814,1705,1498,"2014-12-08 06:56:52",1,"79842"
3815,2431,1027,"2014-11-30 20:30:57",1,"04225"
3816,4396,116,"2014-12-06 01:32:59",1,"63881"
3817,72,61,"2014-12-05 15:58:33",0,"18628"
3818,3436,668,"2014-11-14 06:29:29",1,"40358"
3819,4663,962,"2014-12-30 17:59:46",1,"43343"
3820,890,957,"2014-12-29 19:19:59",1,"75603"
3821,140,87,"2014-10-05 03:48:05",1,"77968"
3822,52,636,"2014-12-27 19:14:08",0,"84035"
3823,552,826,"2014-12-20 08:44:57",0,"92549"
3824,4512,8,"2014-10-09 07:13:52",1,"92356"
3825,3938,1065,"2014-12-11 09:34:02",0,"14858"
3826,4417,1009,"2014-10-17 07:13:55",1,"84201"
3827,2982,321,"2014-12-25 14:05:09",0,"90601"
3828,2203,832,"2014-12-14 04:45:59",1,"52750"
3829,1545,42,"2014-10-08 07:37:08",0,"40019"
3830,4,1468,"2014-10-30 02:55:29",0,"12078"
3831,4677,105,"2014-10-15 13:27:08",0,"83552"
3832,163,37,"2014-11-22 16:12:18",0,"50657"
3833,424,324,"2014-12-21 17:42:16",0,"47037"
3834,3548,215,"2014-11-01 07:13:32",1,"47520"
3835,3596,549,"2014-10-12 11:39:14",1,"58332"
3836,759,86,"2014-12-23 23:14:28",1,"48080"
3837,1215,1611,"2014-11-02 02:00:09",1,"73127"
3838,728,414,"2014-12-21 20:36:01",1,"62971"
3839,70,75,"2014-11-02 07:59:18",1,"32550"
3840,2,192,"2014-10-19 05:28:46",0,"85348"
3841,2856,97,"2014-12-21 06:02:44",1,"32854"
3842,1048,648,"2014-11-14 23:44:45",1,"76073"
3843,2618,919,"2014-10-17 02:40:50",0,"40178"
3844,4340,1,"2014-10-07 06:59:49",0,"28284"
3845,54,37,"2014-12-22 22:39:08",1,"71485"
3846,1759,1676,"2014-10-16 04:35:13",1,"56054"
3847,1909,614,"2014-10-01 23:29:27",0,"83202"
3848,439,7,"2014-12-11 00:21:33",0,"48377"
3849,1307,1644,"2014-11-01 20:26:25",1,"89405"
3850,1925,13,"2014-11-20 06:17:46",1,"10518"
3851,986,921,"2014-11-22 08:33:58",0,"17107"
3852,41,1087,"2014-12-05 06:34:14",1,"62366"
3853,1179,1028,"2014-11-02 16:04:40",0,"26325"
3854,3359,284,"2014-12-12 16:31:33",0,"45214"
3855,3327,9,"2014-11-10 16:16:50",1,"27621"
3856,773,816,"2014-10-08 02:13:38",1,"37325"
3857,279,228,"2014-10-11 02:53:53",0,"92811"
3858,3254,30,"2014-12-24 20:46:39",0,"15347"
3859,4800,34,"2014-10-05 18:17:47",1,"76467"
3860,1133,72,"2014-11-15 07:41:44",1,"30901"
3861,797,232,"2014-11-25 22:55:04",0,"38457"
3862,4893,418,"2014-10-24 15:21:54",1,"17837"
3863,615,188,"2014-12-08 19:08:43",1,"67568"
3864,3816,262,"2014-10-22 20:27:57",1,"79098"
3865,3762,723,"2014-11-11 04:10:40",1,"48072"
3866,15,1187,"2014-11-05 01:41:48",0,"49636"
3867,3012,247,"2014-12-01 03:53:34",1,"22528"
3868,199,1,"2014-11-29 02:07:25",0,"95452"
3869,3581,387,"2014-10-31 21:01:57",1,"14869"
3870,3899,34,"2014-11-11 07:04:46",1,"41262"
3871,1125,700,"2014-12-15 10:09:40",1,"15069"
3872,3822,246,"2014-12-21 01:33:08",1,"92584"
3873,205,29,"2014-10-17 17:12:23",0,"55345"
3874,1361,429,"2014-12-11 05:22:59",1,"20340"
3875,1791,848,"2014-11-13 15:27:15",1,"20098"
3876,15,1025,"2014-12-25 09:54:34",1,"19603"
3877,3930,728,"2014-12-22 13:26:26",1,"71964"
3878,2825,378,"2014-10-30 09:38:12",1,"32903"
3879,2590,258,"2014-12-07 10:57:53",0,"32008"
3880,226,37,"2014-12-10 23:09:01",1,"06161"
3881,1853,3,"2014-11-05 19:00:39",0,"55797"
3882,1883,33,"2014-10-14 11:30:51",1,"68647"
3883,421,1514,"2014-12-16 19:57:27",0,"72901"
3884,371,107,"2014-12-24 22:01:55",1,"87319"
3885,3878,814,"2014-10-08 03:21:54",1,"70395"
3886,4894,451,"2014-11-22 15:28:41",0,"46307"
3887,1824,0,"2014-10-17 01:57:20",1,"56120"
3888,2527,255,"2014-10-26 11:33:45",1,"95427"
3889,1753,165,"2014-10-07 07:41:49",1,"78950"
3890,3936,1273,"2014-10-08 17:04:20",1,"01609"
3891,1471,1007,"2014-12-15 06:23:10",1,"58748"
3892,2483,82,"2014-10-28 19:27:28",0,"55344"
3893,3231,56,"2014-12-29 08:06:10",1,"35572"
3894,3619,9,"2014-12-27 14:01:15",1,"20551"
3895,4970,54,"2014-11-29 18:22:43",1,"78843"
3896,4467,418,"2014-11-07 03:36:29",0,"62266"
3897,148,606,"2014-10-01 00:54:13",1,"97535"
3898,125,758,"2014-12-29 01:29:19",1,"74868"
3899,553,1073,"2014-11-23 04:26:25",0,"98603"
3900,294,175,"2014-11-12 04:52:48",0,"29520"
3901,2841,445,"2014-10-16 13:17:01",1,"33014"
3902,1799,343,"2014-10-13 07:28:19",1,"29356"
3903,904,968,"2014-11-22 03:33:29",0,"45841"
3904,7,940,"2014-10-15 08:34:22",1,"48629"
3905,173,2,"2014-10-01 00:40:44",1,"12816"
3906,3566,204,"2014-11-25 16:32:04",1,"25302"
3907,2835,515,"2014-10-28 03:12:23",1,"47541"
3908,4799,1042,"2014-12-02 07:57:14",0,"25729"
3909,3266,363,"2014-11-07 05:45:20",0,"66523"
3910,312,135,"2014-12-18 12:04:59",0,"54462"
3911,4173,1097,"2014-12-26 18:51:28",1,"53549"
3912,1599,1221,"2014-12-11 02:03:43",1,"35619"
3913,325,274,"2014-10-17 02:00:13",0,"97124"
3914,393,1455,"2014-10-13 15:27:06",0,"91330"
3915,1893,477,"2014-10-17 06:52:19",0,"54136"
3916,1993,443,"2014-11-29 19:17:05",1,"85302"
3917,327,31,"2014-10-23 22:12:59",1,"50049"
3918,963,22,"2014-10-28 22:12:43",1,"19073"
3919,2895,3,"2014-10-14 05:12:11",1,"78753"
3920,1983,61,"2014-12-18 15:53:23",1,"47722"
3921,314,1197,"2014-10-10 10:49:11",0,"48331"
3922,2051,52,"2014-12-20 22:37:54",0,"05341"
3923,387,1364,"2014-10-14 13:39:54",1,"52806"
3924,1,126,"2014-12-14 21:34:42",0,"98637"
3925,215,14,"2014-12-11 15:23:51",0,"60109"
3926,283,1337,"2014-12-22 17:02:16",0,"21268"
3927,189,6,"2014-10-07 01:30:25",1,"96007"
3928,1829,543,"2014-12-11 01:38:11",1,"87832"
3929,4866,1219,"2014-10-14 16:50:09",1,"21758"
3930,231,65,"2014-10-17 01:53:35",1,"37175"
3931,68,1588,"2014-12-28 03:00:20",0,"77362"
3932,2013,1051,"2014-12-12 13:30:29",1,"33755"
3933,162,523,"2014-11-02 03:47:39",1,"19046"
3934,2772,1334,"2014-11-06 10:42:40",0,"89119"
3935,2346,11,"2014-10-18 19:42:01",1,"43950"
3936,3545,226,"2014-11-02 16:55:37",1,"99223"
3937,480,972,"2014-10-09 20:44:08",1,"12166"
3938,2970,1342,"2014-12-30 05:06:40",1,"52101"
3939,841,1119,"2014-12-22 10:18:45",1,"59648"
3940,2422,315,"2014-11-06 23:17:28",1,"73038"
3941,3848,5,"2014-12-29 10:30:43",1,"30375"
3942,237,490,"2014-11-08 19:40:26",0,"18255"
3943,958,215,"2014-12-07 10:08:52",0,"86409"
3944,1614,1297,"2014-11-23 19:48:06",1,"49616"
